{"cameraMode":{"drawMode":0,"name":"Shaded","section":"Shading Mode"},"sceneLighting":true,"audioPlay":false,"sceneViewState":{"showFog":true,"showMaterialUpdate":false,"showSkybox":true,"showFlares":true,"showImageEffects":true,"showParticleSystems":true},"in2DMode":false,"pivot":{"x":-0.2642672061920166,"y":-0.7077484130859375,"z":-3.385662078857422},"rotation":{"x":-0.3106408715248108,"y":0.40259984135627749,"z":-0.14742380380630494,"w":-0.8483473658561707},"size":6.885695457458496,"orthographic":false}