{"cameraMode":{"drawMode":0,"name":"Shaded","section":"Shading Mode"},"sceneLighting":false,"audioPlay":false,"sceneViewState":{"showFog":true,"showMaterialUpdate":true,"showSkybox":false,"showFlares":true,"showImageEffects":true,"showParticleSystems":true},"in2DMode":false,"pivot":{"x":2.5380616188049318,"y":-1.984020471572876,"z":-1.888291835784912},"rotation":{"x":0.13398252427577973,"y":0.8412988781929016,"z":-0.24291755259037019,"w":0.46399107575416567},"size":7.918294429779053,"orthographic":false}