{"cameraMode":{"drawMode":0,"name":"Shaded","section":"Shading Mode"},"sceneLighting":true,"audioPlay":false,"sceneViewState":{"showFog":false,"showMaterialUpdate":false,"showSkybox":false,"showFlares":false,"showImageEffects":false,"showParticleSystems":false},"in2DMode":false,"pivot":{"x":-2.828082799911499,"y":-0.1780487298965454,"z":-10.057513236999512},"rotation":{"x":-0.026643579825758935,"y":0.9459838271141052,"z":-0.08051427453756333,"w":-0.31296274065971377},"size":9.268909454345704,"orthographic":false}